{"mean": [4.779307282415631, -85.18779571600616, 0.3841967300645527, 0.08283321295953279, -1.4677130539187508, 0.17094872967696514, -0.6152904892804621, -0.035196307265544124, -15.076046498445312], "scale": [3.3068578641962674, 1974.4396574580105, 0.476753440209639, 116.0655947700638, 74.38856292147578, 13.713742855293033, 45.76183346226726, 109.13810372553269, 331.11191356205546]}