{"mean": [4.910526315789474, -89.93326765326235, 0.6122046656058779, 2.3290904127883105, -4.86393577299112, 0.818162937095265, -3.1280596013863518, -4.397022667271256, -14.85918949351927], "scale": [3.340720807320686, 1566.2014214427613, 0.6575792214124503, 22.532806407974064, 147.70491774794658, 17.62177306057813, 85.49850774947912, 155.6357255774707, 320.9701106794842]}