Q,year,sector,Profit_Margin,Asset_Turnover,Financial_Leverage,ROA,ROE,RNOA,NOAT,NOPM,Percent_Growth
Q1,9,4,0.0,0.0,4.42455902468745,0.0,0.11696761900210856,-0.0,-3.395776562961477,0.0,73.05864852345822
Q1,9,3,0.0,0.0,49.64003511852502,0.0,1.9657594381035997,0.0,0.0,0.0,45.107400270093926
