Q,year,sector,Profit_Margin,Asset_Turnover,Financial_Leverage,ROA,ROE,RNOA,NOAT,NOPM,Percent_Growth
FY,22,9,0.0,0.0,2.2433742179537486,0.0,0.21132570032881232,0.0,0.0,0.0,-16.500322241214512
Q3,22,9,0.0,0.0,2.1767948409924864,0.0,0.01543115498864232,0.0,0.0,0.0,40.778682878087395
