Q,Profit_Margin,Asset_Turnover,Financial_Leverage,ROA,ROE,Percent_Growth
Q1,0.18639693639693639,0.21245136186770427,49.64003511852502,0.03960028298549699,1.9657594381035997,45.107400270093926
Q1,0.16067186816667228,0.1645340595011372,4.42455902468745,0.026435994717094128,0.11696761900210856,73.05864852345822
