Q,Profit_Margin,Asset_Turnover,Financial_Leverage,ROA,ROE,Percent_Growth
Q3,0.24702778983192158,0.2528156811876094,4.142830250801649,0.06245249895862686,0.25873010192395784,-6.899967281006283
FY,0.05981592279821952,2.718181473495966,2.5833381788378817,0.16259053317018526,0.4200263318561467,16.025969269987826
FY,0.34154006225891587,0.566308260897683,2.6308138252622957,0.19341695868473305,0.508844008947982,-1.9978181669385662
FY,-0.020438335820974044,0.9276411228589164,1.3454895427632318,-0.018959440790335975,-0.025509729320035722,-34.45986809481077
Q2,0.08613654344462826,0.5705942054845426,-12.865461461660868,0.04914901256997245,-0.6323247270976662,42.36671812470615
FY,0.000742835546635737,3.3227817953492402,4.7070933550754175,0.0024682804312995284,0.011618426416632695,-0.9306601103812576
